{
  "project_info": {
    "project_number": "301272821245",
    "firebase_url": "https://dailymanager-56e3e.firebaseio.com",
    "project_id": "dailymanager-56e3e",
    "storage_bucket": "dailymanager-56e3e.appspot.com"
  },
  "client": [
    {
      "client_info": {
        "mobilesdk_app_id": "1:301272821245:android:c880a02407b782f4",
        "android_client_info": {
          "package_name": "org.androidtown.dailymanager"
        }
      },
      "oauth_client": [
        {
          "client_id": "301272821245-73k0qoosb9kk1u4fos6j4ffbv1seu461.apps.googleusercontent.com",
          "client_type": 1,
          "android_info": {
            "package_name": "org.androidtown.dailymanager",
            "certificate_hash": "9272e0c408d9be00942ee9dccc26cdc906f2347a"
          }
        },
        {
          "client_id": "301272821245-1po2d91egg3qj3q9fmoidk0eu2goqvlj.apps.googleusercontent.com",
          "client_type": 3
        }
      ],
      "api_key": [
        {
          "current_key": "AIzaSyDzG7vI-4f-2AXl3jNWsu3C165J0N3tYx8"
        }
      ],
      "services": {
        "analytics_service": {
          "status": 1
        },
        "appinvite_service": {
          "status": 2,
          "other_platform_oauth_client": [
            {
              "client_id": "301272821245-1po2d91egg3qj3q9fmoidk0eu2goqvlj.apps.googleusercontent.com",
              "client_type": 3
            }
          ]
        },
        "ads_service": {
          "status": 2
        }
      }
    }
  ],
  "configuration_version": "1"
}